{
    "modes": [
        {
            "index": 0,
            "strictly local log-evidence": -645412.4540032974,
            "strictly local log-evidence error": 0.009502518674046983,
            "local log-evidence": -645412.4540032974,
            "local log-evidence error": 0.009502518674046983,
            "mean": [
                -0.40310670116436326,
                0.02977612064115007,
                0.046436131787593204,
                71.50220791736412,
                74.4952367350425
            ],
            "sigma": [
                0.008118536060143261,
                0.00834457999647817,
                0.0012211782660440493,
                4.523396011229462,
                3.2465540170920435
            ],
            "maximum": [
                -0.40132891021512496,
                0.027792885909836862,
                0.046564580431680484,
                70.70145676750059,
                74.36657561303663
            ],
            "maximum a posterior": [
                -0.40132891021512496,
                0.027792885909836862,
                0.046564580431680484,
                70.70145676750059,
                74.36657561303663
            ]
        }
    ],
    "nested sampling global log-evidence": -645412.4491305065,
    "nested sampling global log-evidence error": 0.15333531869394318,
    "global evidence": -645412.4540032974,
    "global evidence error": 0.009502518674046983,
    "nested importance sampling global log-evidence": -645412.4540032974,
    "nested importance sampling global log-evidence error": 0.009502518674046983,
    "marginals": [
        {
            "median": -0.4029450370325135,
            "sigma": 0.008118941030966498,
            "1sigma": [
                -0.41128602114197005,
                -0.39504813908003705
            ],
            "2sigma": [
                -0.41931666754899455,
                -0.38733577120887197
            ],
            "3sigma": [
                -0.42704299247936106,
                -0.37867464948099305
            ],
            "5sigma": [
                -0.44397771433917943,
                -0.3637023790165611
            ],
            "q75%": -0.3975928186612005,
            "q25%": -0.40867230244984043,
            "q99%": -0.3842603412422593,
            "q01%": -0.4219031060624981,
            "q90%": -0.39279920992565,
            "q10%": -0.41352290150416754
        },
        {
            "median": 0.02966563760609917,
            "sigma": 0.008323904227302049,
            "1sigma": [
                0.021321808812075488,
                0.037969617266679585
            ],
            "2sigma": [
                0.013444309667685,
                0.04611030262204946
            ],
            "3sigma": [
                0.004507801459562395,
                0.05474321120995926
            ],
            "5sigma": [
                -0.011407418775333347,
                0.07231074754615859
            ],
            "q75%": 0.03545517463603264,
            "q25%": 0.024096434412776688,
            "q99%": 0.048944595873930796,
            "q01%": 0.010161906356757571,
            "q90%": 0.04042136684431601,
            "q10%": 0.019042049298219982
        },
        {
            "median": 0.04643031526703284,
            "sigma": 0.001216757038629404,
            "1sigma": [
                0.04521022289992506,
                0.04764373697718387
            ],
            "2sigma": [
                0.04403787729062426,
                0.048849992199992635
            ],
            "3sigma": [
                0.04286013738950312,
                0.050230706542647496
            ],
            "5sigma": [
                0.040718976552595355,
                0.052640455299332166
            ],
            "q75%": 0.04724443441326426,
            "q25%": 0.045609188103527,
            "q99%": 0.04929267547804771,
            "q01%": 0.04361671453515457,
            "q90%": 0.04797973877498598,
            "q10%": 0.044901324664212365
        },
        {
            "median": 71.54419765805962,
            "sigma": 4.495322287389357,
            "1sigma": [
                66.93236944308984,
                75.92301401786855
            ],
            "2sigma": [
                62.84262869531308,
                80.61622261169109
            ],
            "3sigma": [
                57.92493533445294,
                85.386484715477
            ],
            "5sigma": [
                48.70484345198322,
                94.91353104730102
            ],
            "q75%": 74.52353646275891,
            "q25%": 68.38249300031852,
            "q99%": 82.08963712534312,
            "q01%": 61.111495020727084,
            "q90%": 77.1892692863626,
            "q10%": 65.65646070747596
        },
        {
            "median": 74.37332851634667,
            "sigma": 3.2457701970471007,
            "1sigma": [
                71.26096883364971,
                77.75250922774391
            ],
            "2sigma": [
                68.5909439796929,
                81.09237697950657
            ],
            "3sigma": [
                65.61451590961181,
                84.73670891622645
            ],
            "5sigma": [
                60.923780463708425,
                93.90696753330046
            ],
            "q75%": 76.60600153668135,
            "q25%": 72.27401521388131,
            "q99%": 82.42958153362893,
            "q01%": 67.40784966982594,
            "q90%": 78.73391173519724,
            "q10%": 70.34327703423457
        }
    ]
}